# system info jtag_uart on 2021.11.04.11:56:18
system_info:
name,value
DEVICE,10M08DAF484C8G
DEVICE_FAMILY,MAX 10
GENERATION_ID,1636034168
#
#
# Files generated for jtag_uart on 2021.11.04.11:56:18
files:
filepath,kind,attributes,module,is_top
simulation/jtag_uart.v,VERILOG,,jtag_uart,true
simulation/submodules/jtag_uart_jtag_uart_0.v,VERILOG,,jtag_uart_jtag_uart_0,false
simulation/submodules/altera_reset_controller.v,VERILOG,,altera_reset_controller,false
simulation/submodules/altera_reset_synchronizer.v,VERILOG,,altera_reset_controller,false
simulation/submodules/altera_reset_controller.sdc,SDC,,altera_reset_controller,false
#
# Map from instance-path to kind of module
instances:
instancePath,module
jtag_uart.jtag_uart_0,jtag_uart_jtag_uart_0
jtag_uart.rst_controller,altera_reset_controller
