{
	"partitions" : [
		{
			"name" : "Top",
			"pins" : [
				{
					"name" : "chipselect_out",
					"strict" : false
				},
				{
					"name" : "address_out",
					"strict" : false
				},
				{
					"name" : "read_n_out",
					"strict" : false
				},
				{
					"name" : "write_n_out",
					"strict" : false
				},
				{
					"name" : "memory_wr_out",
					"strict" : false
				},
				{
					"name" : "memory_address_out[0]",
					"strict" : false
				},
				{
					"name" : "memory_address_out[1]",
					"strict" : false
				},
				{
					"name" : "memory_address_out[2]",
					"strict" : false
				},
				{
					"name" : "memory_address_out[3]",
					"strict" : false
				},
				{
					"name" : "memory_address_out[4]",
					"strict" : false
				},
				{
					"name" : "memory_address_out[5]",
					"strict" : false
				},
				{
					"name" : "memory_address_out[6]",
					"strict" : false
				},
				{
					"name" : "memory_address_out[7]",
					"strict" : false
				},
				{
					"name" : "memory_address_out[8]",
					"strict" : false
				},
				{
					"name" : "memory_address_out[9]",
					"strict" : false
				},
				{
					"name" : "memory_address_out[10]",
					"strict" : false
				},
				{
					"name" : "instruction_out[0]",
					"strict" : false
				},
				{
					"name" : "instruction_out[1]",
					"strict" : false
				},
				{
					"name" : "instruction_out[2]",
					"strict" : false
				},
				{
					"name" : "instruction_out[3]",
					"strict" : false
				},
				{
					"name" : "instruction_out[4]",
					"strict" : false
				},
				{
					"name" : "instruction_out[5]",
					"strict" : false
				},
				{
					"name" : "instruction_out[6]",
					"strict" : false
				},
				{
					"name" : "instruction_out[7]",
					"strict" : false
				},
				{
					"name" : "instruction_out[8]",
					"strict" : false
				},
				{
					"name" : "instruction_out[9]",
					"strict" : false
				},
				{
					"name" : "instruction_out[10]",
					"strict" : false
				},
				{
					"name" : "instruction_out[11]",
					"strict" : false
				},
				{
					"name" : "instruction_out[12]",
					"strict" : false
				},
				{
					"name" : "instruction_out[13]",
					"strict" : false
				},
				{
					"name" : "instruction_out[14]",
					"strict" : false
				},
				{
					"name" : "instruction_out[15]",
					"strict" : false
				},
				{
					"name" : "clock_in",
					"strict" : false
				},
				{
					"name" : "irq_in",
					"strict" : false
				},
				{
					"name" : "readdata_in[16]",
					"strict" : false
				},
				{
					"name" : "readdata_in[17]",
					"strict" : false
				},
				{
					"name" : "readdata_in[18]",
					"strict" : false
				},
				{
					"name" : "readdata_in[19]",
					"strict" : false
				},
				{
					"name" : "readdata_in[20]",
					"strict" : false
				},
				{
					"name" : "readdata_in[21]",
					"strict" : false
				},
				{
					"name" : "readdata_in[22]",
					"strict" : false
				},
				{
					"name" : "readdata_in[23]",
					"strict" : false
				},
				{
					"name" : "readdata_in[24]",
					"strict" : false
				},
				{
					"name" : "readdata_in[25]",
					"strict" : false
				},
				{
					"name" : "readdata_in[26]",
					"strict" : false
				},
				{
					"name" : "readdata_in[27]",
					"strict" : false
				},
				{
					"name" : "readdata_in[28]",
					"strict" : false
				},
				{
					"name" : "readdata_in[29]",
					"strict" : false
				},
				{
					"name" : "readdata_in[30]",
					"strict" : false
				},
				{
					"name" : "readdata_in[31]",
					"strict" : false
				},
				{
					"name" : "waitrequest_in",
					"strict" : false
				},
				{
					"name" : "readdata_in[0]",
					"strict" : false
				},
				{
					"name" : "readdata_in[3]",
					"strict" : false
				},
				{
					"name" : "readdata_in[1]",
					"strict" : false
				},
				{
					"name" : "readdata_in[2]",
					"strict" : false
				},
				{
					"name" : "readdata_in[4]",
					"strict" : false
				},
				{
					"name" : "readdata_in[6]",
					"strict" : false
				},
				{
					"name" : "readdata_in[7]",
					"strict" : false
				},
				{
					"name" : "readdata_in[5]",
					"strict" : false
				}
			]
		}
	]
}