<?xml version="1.0" encoding="UTF-8"?>
<preferences>
 <debug showDebugMenu="0" />
 <systemtable filter="All Interfaces">
  <columns>
   <connections preferredWidth="47" />
   <irq preferredWidth="34" />
  </columns>
 </systemtable>
 <library
   expandedCategories="Library/Tri-State Components,Library/Interface Protocols/PCI Express/QSYS Example Designs,Library/Basic Functions/Bridges and Adaptors/Memory Mapped,Library/Processors and Peripherals/Co-Processors/Nios II Custom Instructions,Library/Interface Protocols/Ethernet/10G to 1G Multi-rate Ethernet,Library/DSP/Filters,Library/Basic Functions/Simulation; Debug and Verification/Verification,Library/DSP/Video and Image Processing,Library/Basic Functions/Bridges and Adaptors/Clock,Library/DSP/Primitive DSP,Library/Interface Protocols/SerialLite,Library/Qsys Interconnect/Interrupt,Library/Basic Functions/DMA/mSGDMA Sub-core,Library/Memory Interfaces and Controllers,Library/Low Power,Library/Interface Protocols/JESD,Library/University Program/Audio &amp; Video,Library/Interface Protocols/RapidIO,Library/Memory Interfaces and Controllers/Memory Interfaces with UniPHY,Library/Processors and Peripherals/Peripherals,Library/Interface Protocols/Transceiver PHY,Library/Basic Functions,Library/Interface Protocols/PCI Express,Library/Basic Functions/Bridges and Adaptors/Streaming,Library/Basic Functions/Arithmetic,Library/University Program,Library/DSP,Library/University Program/Clock,Library/Interface Protocols/Ethernet/Reference Design Components,Library/Memory Interfaces and Controllers/Memory Interfaces with ALTMEMPHY,Library/Interface Protocols/Audio &amp; Video,Library/Memory Interfaces and Controllers/Flash,Library/Processors and Peripherals/Co-Processors,Library/Basic Functions/Bridges and Adaptors,Library/Basic Functions/Configuration and Programming,Library/Basic Functions/Simulation; Debug and Verification,Library/Processors and Peripherals/Hard Processor Components,Library/Processors and Peripherals,Library/Interface Protocols/Ethernet/1G Multi-rate Ethernet,Library/Processors and Peripherals/Inter-Process Communication,Library/Basic Functions/On Chip Memory,Library/Qsys Interconnect,Library/DSP/Transforms,Library/University Program/Communications,Library/Interface Protocols/Transceiver PLL,Library/Processors and Peripherals/Hard Processor Systems,Project/System,Library/DSP/Error Detection and Correction,Library/Basic Functions/Bridges and Adaptors/Interrupt,Library/University Program/Memory,Library/Basic Functions/Bridges and Adaptors/Reset,Library/Qsys Interconnect/Memory-Mapped Alpha,Library/University Program/Bridges,Library/Basic Functions/DMA,Library/Interface Protocols/Serial,Library/Interface Protocols,Library/Qsys Interconnect/Memory-Mapped,Library/Memory Interfaces and Controllers/SDRAM,Library/University Program/Generic IO,Library,Library/Processors and Peripherals/Embedded Processors,Library/Qsys Interconnect/Tri-State Components,Library/Basic Functions/Simulation; Debug and Verification/Simulation,Library/Interface Protocols/Ethernet,Library/Basic Functions/Clocks; PLLs and Resets,Library/University Program/Audio &amp; Video/Video,Library/Interface Protocols/PCI Express/Example Design Components,Library/Basic Functions/Simulation; Debug and Verification/Debug and Performance,Library/DSP/Signal Generation,Library/Basic Functions/Clocks; PLLs and Resets/PLL,Project" />
 <window width="1100" height="728" x="0" y="0" />
 <generation simulation="VERILOG" />
</preferences>
